{"img_000.jpg19392":{"filename":"img_000.jpg","size":19392,"regions":[{"shape_attributes":{"name":"rect","x":42,"y":64,"width":153,"height":163},"region_attributes":{"class":"Left"}},{"shape_attributes":{"name":"rect","x":217,"y":60,"width":149,"height":227},"region_attributes":{"class":"Right"}}],"file_attributes":{}},"img_001.jpg22892":{"filename":"img_001.jpg","size":22892,"regions":[{"shape_attributes":{"name":"rect","x":46,"y":78,"width":108,"height":146},"region_attributes":{"class":"Right"}},{"shape_attributes":{"name":"rect","x":174,"y":66,"width":81,"height":134},"region_attributes":{"class":"Front"}},{"shape_attributes":{"name":"rect","x":284,"y":8,"width":114,"height":143},"region_attributes":{"class":"Left"}}],"file_attributes":{}},"img_002.jpg23329":{"filename":"img_002.jpg","size":23329,"regions":[{"shape_attributes":{"name":"rect","x":15,"y":12,"width":151,"height":227},"region_attributes":{"class":"Right"}},{"shape_attributes":{"name":"rect","x":170,"y":38,"width":149,"height":293},"region_attributes":{"class":"Left"}}],"file_attributes":{}},"img_003.jpg25129":{"filename":"img_003.jpg","size":25129,"regions":[{"shape_attributes":{"name":"rect","x":114,"y":24,"width":81,"height":146},"region_attributes":{"class":"Front"}},{"shape_attributes":{"name":"rect","x":282,"y":95,"width":76,"height":114},"region_attributes":{"class":"Front"}}],"file_attributes":{}},"img_004.jpg23688":{"filename":"img_004.jpg","size":23688,"regions":[{"shape_attributes":{"name":"rect","x":10,"y":16,"width":70,"height":107},"region_attributes":{"class":"Right"}},{"shape_attributes":{"name":"rect","x":86,"y":113,"width":59,"height":96},"region_attributes":{"class":"Front"}},{"shape_attributes":{"name":"rect","x":220,"y":17,"width":74,"height":117},"region_attributes":{"class":"DownLeft"}}],"file_attributes":{}},"img_005.jpg20292":{"filename":"img_005.jpg","size":20292,"regions":[{"shape_attributes":{"name":"rect","x":6,"y":0,"width":181,"height":267},"region_attributes":{"class":"Right"}},{"shape_attributes":{"name":"rect","x":200,"y":66,"width":146,"height":258},"region_attributes":{"class":"Right"}},{"shape_attributes":{"name":"rect","x":307,"y":1,"width":91,"height":189},"region_attributes":{"class":"Right"}}],"file_attributes":{}},"img_006.jpg18197":{"filename":"img_006.jpg","size":18197,"regions":[{"shape_attributes":{"name":"rect","x":89,"y":40,"width":101,"height":148},"region_attributes":{"class":"Front"}},{"shape_attributes":{"name":"rect","x":211,"y":27,"width":103,"height":150},"region_attributes":{"class":"Front"}}],"file_attributes":{}},"img_007.jpg30259":{"filename":"img_007.jpg","size":30259,"regions":[{"shape_attributes":{"name":"rect","x":86,"y":24,"width":71,"height":106},"region_attributes":{"class":"Down"}},{"shape_attributes":{"name":"rect","x":260,"y":15,"width":83,"height":100},"region_attributes":{"class":"Down"}}],"file_attributes":{}},"img_008.jpg18878":{"filename":"img_008.jpg","size":18878,"regions":[{"shape_attributes":{"name":"rect","x":127,"y":69,"width":56,"height":75},"region_attributes":{"class":"Front"}},{"shape_attributes":{"name":"rect","x":199,"y":58,"width":56,"height":74},"region_attributes":{"class":"Front"}}],"file_attributes":{}},"img_009.jpg25064":{"filename":"img_009.jpg","size":25064,"regions":[{"shape_attributes":{"name":"rect","x":81,"y":95,"width":76,"height":108},"region_attributes":{"class":"Front"}},{"shape_attributes":{"name":"rect","x":171,"y":29,"width":71,"height":99},"region_attributes":{"class":"Front"}},{"shape_attributes":{"name":"rect","x":248,"y":98,"width":73,"height":85},"region_attributes":{"class":"Front"}},{"shape_attributes":{"name":"rect","x":34,"y":119,"width":24,"height":29},"region_attributes":{"class":"Right"}},{"shape_attributes":{"name":"rect","x":364,"y":73,"width":25,"height":66},"region_attributes":{"class":"Back"}}],"file_attributes":{}},"img_010.jpg24208":{"filename":"img_010.jpg","size":24208,"regions":[{"shape_attributes":{"name":"rect","x":55,"y":1,"width":99,"height":111},"region_attributes":{"class":"Left"}},{"shape_attributes":{"name":"rect","x":194,"y":17,"width":104,"height":127},"region_attributes":{"class":"Up"}}],"file_attributes":{}},"img_011.jpg21989":{"filename":"img_011.jpg","size":21989,"regions":[{"shape_attributes":{"name":"rect","x":79,"y":40,"width":103,"height":102},"region_attributes":{"class":"Right"}},{"shape_attributes":{"name":"rect","x":222,"y":40,"width":91,"height":95},"region_attributes":{"class":"Front"}}],"file_attributes":{}},"img_012.jpg21494":{"filename":"img_012.jpg","size":21494,"regions":[{"shape_attributes":{"name":"rect","x":27,"y":28,"width":101,"height":130},"region_attributes":{"class":"Left"}},{"shape_attributes":{"name":"rect","x":263,"y":1,"width":102,"height":133},"region_attributes":{"class":"Left"}}],"file_attributes":{}},"img_013.jpg23655":{"filename":"img_013.jpg","size":23655,"regions":[{"shape_attributes":{"name":"rect","x":21,"y":2,"width":127,"height":173},"region_attributes":{"class":"Right"}},{"shape_attributes":{"name":"rect","x":236,"y":4,"width":126,"height":197},"region_attributes":{"class":"Left"}}],"file_attributes":{}},"img_014.jpg26681":{"filename":"img_014.jpg","size":26681,"regions":[{"shape_attributes":{"name":"rect","x":37,"y":55,"width":49,"height":61},"region_attributes":{"class":"Left"}},{"shape_attributes":{"name":"rect","x":126,"y":56,"width":44,"height":66},"region_attributes":{"class":"Front"}},{"shape_attributes":{"name":"rect","x":190,"y":56,"width":48,"height":64},"region_attributes":{"class":"Front"}},{"shape_attributes":{"name":"rect","x":261,"y":82,"width":44,"height":62},"region_attributes":{"class":"Left"}},{"shape_attributes":{"name":"rect","x":318,"y":50,"width":56,"height":71},"region_attributes":{"class":"DownLeft"}}],"file_attributes":{}},"img_015.jpg28575":{"filename":"img_015.jpg","size":28575,"regions":[{"shape_attributes":{"name":"rect","x":20,"y":127,"width":110,"height":138},"region_attributes":{"class":"Top"}},{"shape_attributes":{"name":"rect","x":292,"y":106,"width":102,"height":150},"region_attributes":{"class":"Top"}}],"file_attributes":{}},"img_016.jpg12852":{"filename":"img_016.jpg","size":12852,"regions":[{"shape_attributes":{"name":"rect","x":84,"y":68,"width":159,"height":245},"region_attributes":{"class":"DownRight"}},{"shape_attributes":{"name":"rect","x":262,"y":66,"width":116,"height":189},"region_attributes":{"class":"Left"}}],"file_attributes":{}},"img_017.jpg34573":{"filename":"img_017.jpg","size":34573,"regions":[{"shape_attributes":{"name":"rect","x":121,"y":42,"width":39,"height":58},"region_attributes":{"class":"Front"}},{"shape_attributes":{"name":"rect","x":194,"y":40,"width":39,"height":55},"region_attributes":{"class":"Front"}},{"shape_attributes":{"name":"rect","x":274,"y":60,"width":41,"height":53},"region_attributes":{"class":"Front"}}],"file_attributes":{}},"img_018.jpg27157":{"filename":"img_018.jpg","size":27157,"regions":[{"shape_attributes":{"name":"rect","x":44,"y":99,"width":54,"height":71},"region_attributes":{"class":"Right"}},{"shape_attributes":{"name":"rect","x":185,"y":68,"width":50,"height":65},"region_attributes":{"class":"Front"}},{"shape_attributes":{"name":"rect","x":308,"y":39,"width":50,"height":78},"region_attributes":{"class":"Right"}}],"file_attributes":{}},"img_019.jpg27898":{"filename":"img_019.jpg","size":27898,"regions":[{"shape_attributes":{"name":"rect","x":20,"y":114,"width":48,"height":70},"region_attributes":{"class":"Right"}},{"shape_attributes":{"name":"rect","x":92,"y":144,"width":56,"height":100},"region_attributes":{"class":"DownLeft"}},{"shape_attributes":{"name":"rect","x":238,"y":124,"width":54,"height":86},"region_attributes":{"class":"DownLeft"}},{"shape_attributes":{"name":"rect","x":314,"y":99,"width":63,"height":103},"region_attributes":{"class":"DownLeft"}}],"file_attributes":{}},"img_020.jpg23754":{"filename":"img_020.jpg","size":23754,"regions":[{"shape_attributes":{"name":"rect","x":41,"y":41,"width":53,"height":79},"region_attributes":{"class":"Front"}},{"shape_attributes":{"name":"rect","x":160,"y":12,"width":56,"height":92},"region_attributes":{"class":"Down"}},{"shape_attributes":{"name":"rect","x":306,"y":24,"width":60,"height":80},"region_attributes":{"class":"Left"}}],"file_attributes":{}},"img_021.jpg27313":{"filename":"img_021.jpg","size":27313,"regions":[{"shape_attributes":{"name":"rect","x":37,"y":110,"width":78,"height":107},"region_attributes":{"class":"Front"}},{"shape_attributes":{"name":"rect","x":91,"y":33,"width":55,"height":98},"region_attributes":{"class":"Front"}},{"shape_attributes":{"name":"rect","x":126,"y":117,"width":68,"height":99},"region_attributes":{"class":"Front"}},{"shape_attributes":{"name":"rect","x":194,"y":126,"width":80,"height":91},"region_attributes":{"class":"Left"}}],"file_attributes":{}},"img_022.jpg43621":{"filename":"img_022.jpg","size":43621,"regions":[{"shape_attributes":{"name":"rect","x":92,"y":39,"width":78,"height":152},"region_attributes":{"class":"Front"}},{"shape_attributes":{"name":"rect","x":218,"y":60,"width":73,"height":127},"region_attributes":{"class":"Front"}}],"file_attributes":{}},"img_023.jpg18477":{"filename":"img_023.jpg","size":18477,"regions":[{"shape_attributes":{"name":"rect","x":66,"y":53,"width":77,"height":136},"region_attributes":{"class":"DownRight"}},{"shape_attributes":{"name":"rect","x":305,"y":109,"width":63,"height":119},"region_attributes":{"class":"Front"}}],"file_attributes":{}},"img_024.jpg20631":{"filename":"img_024.jpg","size":20631,"regions":[{"shape_attributes":{"name":"rect","x":39,"y":0,"width":129,"height":237},"region_attributes":{"class":"Front"}},{"shape_attributes":{"name":"rect","x":176,"y":47,"width":128,"height":249},"region_attributes":{"class":"Left"}}],"file_attributes":{}},"img_025.jpg27503":{"filename":"img_025.jpg","size":27503,"regions":[{"shape_attributes":{"name":"rect","x":37,"y":16,"width":86,"height":175},"region_attributes":{"class":"Front"}},{"shape_attributes":{"name":"rect","x":258,"y":36,"width":81,"height":150},"region_attributes":{"class":"Up"}},{"shape_attributes":{"name":"rect","x":341,"y":29,"width":56,"height":150},"region_attributes":{"class":"Front"}}],"file_attributes":{}},"img_026.jpg21306":{"filename":"img_026.jpg","size":21306,"regions":[{"shape_attributes":{"name":"rect","x":149,"y":133,"width":52,"height":73},"region_attributes":{"class":"Top"}},{"shape_attributes":{"name":"rect","x":285,"y":10,"width":44,"height":86},"region_attributes":{"class":"Top"}},{"shape_attributes":{"name":"rect","x":278,"y":278,"width":49,"height":65},"region_attributes":{"class":"Top"}}],"file_attributes":{}},"img_027.jpg27755":{"filename":"img_027.jpg","size":27755,"regions":[{"shape_attributes":{"name":"rect","x":106,"y":24,"width":77,"height":111},"region_attributes":{"class":"Right"}},{"shape_attributes":{"name":"rect","x":247,"y":6,"width":81,"height":115},"region_attributes":{"class":"Left"}}],"file_attributes":{}},"img_028.jpg29926":{"filename":"img_028.jpg","size":29926,"regions":[{"shape_attributes":{"name":"rect","x":110,"y":0,"width":112,"height":214},"region_attributes":{"class":"Right"}},{"shape_attributes":{"name":"rect","x":228,"y":49,"width":102,"height":197},"region_attributes":{"class":"DownLeft"}}],"file_attributes":{}},"img_029.jpg18043":{"filename":"img_029.jpg","size":18043,"regions":[{"shape_attributes":{"name":"rect","x":56,"y":44,"width":48,"height":88},"region_attributes":{"class":"Right"}},{"shape_attributes":{"name":"rect","x":208,"y":68,"width":49,"height":81},"region_attributes":{"class":"Left"}},{"shape_attributes":{"name":"rect","x":278,"y":60,"width":58,"height":94},"region_attributes":{"class":"Left"}}],"file_attributes":{}},"img_030.jpg23908":{"filename":"img_030.jpg","size":23908,"regions":[{"shape_attributes":{"name":"rect","x":63,"y":87,"width":77,"height":121},"region_attributes":{"class":"Left"}},{"shape_attributes":{"name":"rect","x":172,"y":153,"width":59,"height":119},"region_attributes":{"class":"Left"}},{"shape_attributes":{"name":"rect","x":214,"y":8,"width":85,"height":140},"region_attributes":{"class":"Left"}},{"shape_attributes":{"name":"rect","x":234,"y":149,"width":74,"height":106},"region_attributes":{"class":"Left"}}],"file_attributes":{}},"img_031.jpg20466":{"filename":"img_031.jpg","size":20466,"regions":[{"shape_attributes":{"name":"rect","x":27,"y":111,"width":85,"height":117},"region_attributes":{"class":"Right"}},{"shape_attributes":{"name":"rect","x":157,"y":62,"width":77,"height":114},"region_attributes":{"class":"Right"}},{"shape_attributes":{"name":"rect","x":330,"y":115,"width":68,"height":131},"region_attributes":{"class":"Back"}}],"file_attributes":{}},"img_032.jpg23988":{"filename":"img_032.jpg","size":23988,"regions":[{"shape_attributes":{"name":"rect","x":62,"y":11,"width":76,"height":112},"region_attributes":{"class":"Front"}},{"shape_attributes":{"name":"rect","x":265,"y":55,"width":77,"height":124},"region_attributes":{"class":"Right"}}],"file_attributes":{}},"img_033.jpg21946":{"filename":"img_033.jpg","size":21946,"regions":[{"shape_attributes":{"name":"rect","x":172,"y":73,"width":67,"height":122},"region_attributes":{"class":"Front"}},{"shape_attributes":{"name":"rect","x":254,"y":65,"width":78,"height":164},"region_attributes":{"class":"Left"}}],"file_attributes":{}},"img_034.jpg28190":{"filename":"img_034.jpg","size":28190,"regions":[{"shape_attributes":{"name":"rect","x":193,"y":0,"width":114,"height":133},"region_attributes":{"class":"Front"}},{"shape_attributes":{"name":"rect","x":244,"y":120,"width":86,"height":113},"region_attributes":{"class":"Front"}}],"file_attributes":{}},"img_035.jpg29163":{"filename":"img_035.jpg","size":29163,"regions":[{"shape_attributes":{"name":"rect","x":63,"y":44,"width":109,"height":172},"region_attributes":{"class":"Right"}},{"shape_attributes":{"name":"rect","x":244,"y":56,"width":94,"height":163},"region_attributes":{"class":"Left"}}],"file_attributes":{}},"img_036.jpg26352":{"filename":"img_036.jpg","size":26352,"regions":[{"shape_attributes":{"name":"rect","x":73,"y":44,"width":70,"height":144},"region_attributes":{"class":"DownLeft"}},{"shape_attributes":{"name":"rect","x":266,"y":50,"width":76,"height":149},"region_attributes":{"class":"DownLeft"}}],"file_attributes":{}},"img_037.jpg24851":{"filename":"img_037.jpg","size":24851,"regions":[{"shape_attributes":{"name":"rect","x":50,"y":8,"width":76,"height":120},"region_attributes":{"class":"Right"}},{"shape_attributes":{"name":"rect","x":171,"y":48,"width":59,"height":96},"region_attributes":{"class":"Front"}},{"shape_attributes":{"name":"rect","x":261,"y":36,"width":74,"height":88},"region_attributes":{"class":"Left"}}],"file_attributes":{}},"img_038.jpg21512":{"filename":"img_038.jpg","size":21512,"regions":[{"shape_attributes":{"name":"rect","x":120,"y":1,"width":63,"height":99},"region_attributes":{"class":"Front"}},{"shape_attributes":{"name":"rect","x":208,"y":28,"width":65,"height":85},"region_attributes":{"class":"Front"}}],"file_attributes":{}},"img_039.jpg25386":{"filename":"img_039.jpg","size":25386,"regions":[{"shape_attributes":{"name":"rect","x":86,"y":18,"width":86,"height":175},"region_attributes":{"class":"Front"}},{"shape_attributes":{"name":"rect","x":246,"y":32,"width":96,"height":129},"region_attributes":{"class":"Front"}}],"file_attributes":{}},"img_040.jpg22683":{"filename":"img_040.jpg","size":22683,"regions":[{"shape_attributes":{"name":"rect","x":106,"y":29,"width":105,"height":131},"region_attributes":{"class":"Right"}},{"shape_attributes":{"name":"rect","x":253,"y":79,"width":88,"height":107},"region_attributes":{"class":"Front"}}],"file_attributes":{}},"img_041.jpg24183":{"filename":"img_041.jpg","size":24183,"regions":[{"shape_attributes":{"name":"rect","x":68,"y":203,"width":63,"height":65},"region_attributes":{"class":"Front"}},{"shape_attributes":{"name":"rect","x":113,"y":169,"width":48,"height":60},"region_attributes":{"class":"Front"}},{"shape_attributes":{"name":"rect","x":162,"y":162,"width":53,"height":82},"region_attributes":{"class":"Front"}},{"shape_attributes":{"name":"rect","x":235,"y":148,"width":47,"height":74},"region_attributes":{"class":"Front"}}],"file_attributes":{}},"img_042.jpg22399":{"filename":"img_042.jpg","size":22399,"regions":[{"shape_attributes":{"name":"rect","x":114,"y":15,"width":71,"height":113},"region_attributes":{"class":"Front"}},{"shape_attributes":{"name":"rect","x":218,"y":52,"width":81,"height":112},"region_attributes":{"class":"Front"}}],"file_attributes":{}},"img_043.jpg26535":{"filename":"img_043.jpg","size":26535,"regions":[{"shape_attributes":{"name":"rect","x":24,"y":34,"width":106,"height":150},"region_attributes":{"class":"Left"}},{"shape_attributes":{"name":"rect","x":263,"y":14,"width":99,"height":136},"region_attributes":{"class":"Left"}}],"file_attributes":{}},"img_044.jpg28928":{"filename":"img_044.jpg","size":28928,"regions":[{"shape_attributes":{"name":"rect","x":38,"y":28,"width":51,"height":87},"region_attributes":{"class":"Front"}},{"shape_attributes":{"name":"rect","x":310,"y":12,"width":44,"height":85},"region_attributes":{"class":"Front"}},{"shape_attributes":{"name":"rect","x":103,"y":194,"width":56,"height":104},"region_attributes":{"class":"DownLeft"}},{"shape_attributes":{"name":"rect","x":273,"y":164,"width":55,"height":106},"region_attributes":{"class":"DownLeft"}}],"file_attributes":{}},"img_045.jpg27378":{"filename":"img_045.jpg","size":27378,"regions":[{"shape_attributes":{"name":"rect","x":13,"y":13,"width":46,"height":83},"region_attributes":{"class":"Right"}},{"shape_attributes":{"name":"rect","x":99,"y":53,"width":63,"height":103},"region_attributes":{"class":"Down"}},{"shape_attributes":{"name":"rect","x":186,"y":67,"width":42,"height":78},"region_attributes":{"class":"Down"}},{"shape_attributes":{"name":"rect","x":250,"y":63,"width":42,"height":81},"region_attributes":{"class":"DownLeft"}},{"shape_attributes":{"name":"rect","x":339,"y":4,"width":56,"height":82},"region_attributes":{"class":"DownLeft"}}],"file_attributes":{}},"img_046.jpg31897":{"filename":"img_046.jpg","size":31897,"regions":[{"shape_attributes":{"name":"rect","x":91,"y":36,"width":55,"height":81},"region_attributes":{"class":"Right"}},{"shape_attributes":{"name":"rect","x":193,"y":26,"width":45,"height":79},"region_attributes":{"class":"Left"}},{"shape_attributes":{"name":"rect","x":352,"y":29,"width":43,"height":79},"region_attributes":{"class":"Left"}}],"file_attributes":{}},"img_047.jpg27520":{"filename":"img_047.jpg","size":27520,"regions":[{"shape_attributes":{"name":"rect","x":87,"y":26,"width":70,"height":113},"region_attributes":{"class":"Right"}},{"shape_attributes":{"name":"rect","x":265,"y":25,"width":66,"height":115},"region_attributes":{"class":"Left"}}],"file_attributes":{}},"img_048.jpg26465":{"filename":"img_048.jpg","size":26465,"regions":[{"shape_attributes":{"name":"rect","x":43,"y":25,"width":116,"height":151},"region_attributes":{"class":"Front"}},{"shape_attributes":{"name":"rect","x":221,"y":4,"width":129,"height":162},"region_attributes":{"class":"Left"}}],"file_attributes":{}},"img_049.jpg22426":{"filename":"img_049.jpg","size":22426,"regions":[{"shape_attributes":{"name":"rect","x":101,"y":75,"width":69,"height":145},"region_attributes":{"class":"Right"}},{"shape_attributes":{"name":"rect","x":188,"y":18,"width":82,"height":143},"region_attributes":{"class":"DownLeft"}}],"file_attributes":{}},"img_050.jpg29690":{"filename":"img_050.jpg","size":29690,"regions":[{"shape_attributes":{"name":"rect","x":81,"y":20,"width":51,"height":86},"region_attributes":{"class":"DownRight"}},{"shape_attributes":{"name":"rect","x":214,"y":29,"width":51,"height":86},"region_attributes":{"class":"DownLeft"}},{"shape_attributes":{"name":"rect","x":280,"y":89,"width":57,"height":84},"region_attributes":{"class":"Back"}}],"file_attributes":{}},"img_051.jpg31433":{"filename":"img_051.jpg","size":31433,"regions":[{"shape_attributes":{"name":"rect","x":6,"y":1,"width":91,"height":151},"region_attributes":{"class":"Right"}},{"shape_attributes":{"name":"rect","x":272,"y":17,"width":82,"height":149},"region_attributes":{"class":"DownLeft"}}],"file_attributes":{}},"img_052.jpg20204":{"filename":"img_052.jpg","size":20204,"regions":[{"shape_attributes":{"name":"rect","x":10,"y":7,"width":83,"height":166},"region_attributes":{"class":"Right"}},{"shape_attributes":{"name":"rect","x":166,"y":32,"width":82,"height":181},"region_attributes":{"class":"Front"}},{"shape_attributes":{"name":"rect","x":311,"y":22,"width":79,"height":154},"region_attributes":{"class":"Front"}}],"file_attributes":{}},"img_053.jpg36411":{"filename":"img_053.jpg","size":36411,"regions":[{"shape_attributes":{"name":"rect","x":88,"y":25,"width":82,"height":151},"region_attributes":{"class":"Front"}},{"shape_attributes":{"name":"rect","x":240,"y":27,"width":91,"height":165},"region_attributes":{"class":"Front"}}],"file_attributes":{}},"img_054.jpg23761":{"filename":"img_054.jpg","size":23761,"regions":[{"shape_attributes":{"name":"rect","x":67,"y":47,"width":89,"height":146},"region_attributes":{"class":"Right"}},{"shape_attributes":{"name":"rect","x":198,"y":3,"width":72,"height":142},"region_attributes":{"class":"Left"}}],"file_attributes":{}},"img_055.jpg30651":{"filename":"img_055.jpg","size":30651,"regions":[{"shape_attributes":{"name":"rect","x":66,"y":32,"width":74,"height":122},"region_attributes":{"class":"Front"}},{"shape_attributes":{"name":"rect","x":182,"y":80,"width":86,"height":116},"region_attributes":{"class":"Front"}},{"shape_attributes":{"name":"rect","x":298,"y":12,"width":88,"height":120},"region_attributes":{"class":"Front"}}],"file_attributes":{}},"img_056.jpg21376":{"filename":"img_056.jpg","size":21376,"regions":[{"shape_attributes":{"name":"rect","x":127,"y":7,"width":148,"height":255},"region_attributes":{"class":"Up"}}],"file_attributes":{}},"img_057.jpg28351":{"filename":"img_057.jpg","size":28351,"regions":[{"shape_attributes":{"name":"rect","x":42,"y":5,"width":166,"height":255},"region_attributes":{"class":"Front"}},{"shape_attributes":{"name":"rect","x":213,"y":9,"width":157,"height":254},"region_attributes":{"class":"Front"}}],"file_attributes":{}},"img_058.jpg24949":{"filename":"img_058.jpg","size":24949,"regions":[{"shape_attributes":{"name":"rect","x":38,"y":35,"width":56,"height":93},"region_attributes":{"class":"Right"}},{"shape_attributes":{"name":"rect","x":154,"y":36,"width":57,"height":88},"region_attributes":{"class":"DownRight"}},{"shape_attributes":{"name":"rect","x":255,"y":29,"width":51,"height":81},"region_attributes":{"class":"Front"}},{"shape_attributes":{"name":"rect","x":318,"y":13,"width":56,"height":93},"region_attributes":{"class":"Front"}}],"file_attributes":{}},"img_059.jpg26574":{"filename":"img_059.jpg","size":26574,"regions":[{"shape_attributes":{"name":"rect","x":58,"y":20,"width":34,"height":46},"region_attributes":{"class":"Front"}},{"shape_attributes":{"name":"rect","x":124,"y":70,"width":26,"height":46},"region_attributes":{"class":"Front"}},{"shape_attributes":{"name":"rect","x":164,"y":108,"width":43,"height":53},"region_attributes":{"class":"Front"}},{"shape_attributes":{"name":"rect","x":172,"y":17,"width":34,"height":53},"region_attributes":{"class":"Front"}},{"shape_attributes":{"name":"rect","x":251,"y":22,"width":31,"height":43},"region_attributes":{"class":"Front"}},{"shape_attributes":{"name":"rect","x":311,"y":32,"width":35,"height":44},"region_attributes":{"class":"Front"}}],"file_attributes":{}},"img_060.jpg22668":{"filename":"img_060.jpg","size":22668,"regions":[{"shape_attributes":{"name":"rect","x":61,"y":21,"width":96,"height":122},"region_attributes":{"class":"Right"}},{"shape_attributes":{"name":"rect","x":192,"y":12,"width":108,"height":131},"region_attributes":{"class":"Left"}}],"file_attributes":{}},"img_061.jpg23147":{"filename":"img_061.jpg","size":23147,"regions":[{"shape_attributes":{"name":"rect","x":94,"y":8,"width":87,"height":99},"region_attributes":{"class":"DownLeft"}},{"shape_attributes":{"name":"rect","x":194,"y":88,"width":90,"height":104},"region_attributes":{"class":"DownLeft"}}],"file_attributes":{}},"img_062.jpg31222":{"filename":"img_062.jpg","size":31222,"regions":[{"shape_attributes":{"name":"rect","x":113,"y":38,"width":59,"height":92},"region_attributes":{"class":"DownRight"}},{"shape_attributes":{"name":"rect","x":173,"y":34,"width":56,"height":114},"region_attributes":{"class":"DownRight"}}],"file_attributes":{}},"img_063.jpg23496":{"filename":"img_063.jpg","size":23496,"regions":[{"shape_attributes":{"name":"rect","x":14,"y":188,"width":73,"height":100},"region_attributes":{"class":"Left"}},{"shape_attributes":{"name":"rect","x":70,"y":44,"width":100,"height":136},"region_attributes":{"class":"DownLeft"}},{"shape_attributes":{"name":"rect","x":287,"y":146,"width":84,"height":119},"region_attributes":{"class":"Front"}}],"file_attributes":{}},"img_064.jpg33306":{"filename":"img_064.jpg","size":33306,"regions":[{"shape_attributes":{"name":"rect","x":50,"y":62,"width":85,"height":102},"region_attributes":{"class":"Front"}},{"shape_attributes":{"name":"rect","x":212,"y":1,"width":75,"height":111},"region_attributes":{"class":"Front"}}],"file_attributes":{}},"img_065.jpg21016":{"filename":"img_065.jpg","size":21016,"regions":[{"shape_attributes":{"name":"rect","x":91,"y":30,"width":103,"height":198},"region_attributes":{"class":"DownRight"}},{"shape_attributes":{"name":"rect","x":254,"y":88,"width":94,"height":171},"region_attributes":{"class":"Left"}}],"file_attributes":{}},"img_066.jpg32422":{"filename":"img_066.jpg","size":32422,"regions":[{"shape_attributes":{"name":"rect","x":36,"y":30,"width":61,"height":83},"region_attributes":{"class":"Right"}},{"shape_attributes":{"name":"rect","x":123,"y":12,"width":43,"height":60},"region_attributes":{"class":"Left"}},{"shape_attributes":{"name":"rect","x":180,"y":68,"width":52,"height":70},"region_attributes":{"class":"Right"}},{"shape_attributes":{"name":"rect","x":283,"y":56,"width":53,"height":69},"region_attributes":{"class":"Left"}}],"file_attributes":{}},"img_067.jpg31386":{"filename":"img_067.jpg","size":31386,"regions":[{"shape_attributes":{"name":"rect","x":18,"y":27,"width":84,"height":125},"region_attributes":{"class":"Right"}},{"shape_attributes":{"name":"rect","x":287,"y":25,"width":71,"height":129},"region_attributes":{"class":"Left"}}],"file_attributes":{}},"img_068.jpg25427":{"filename":"img_068.jpg","size":25427,"regions":[{"shape_attributes":{"name":"rect","x":60,"y":2,"width":60,"height":79},"region_attributes":{"class":"Front"}},{"shape_attributes":{"name":"rect","x":118,"y":24,"width":62,"height":148},"region_attributes":{"class":"DownRight"}},{"shape_attributes":{"name":"rect","x":236,"y":2,"width":70,"height":162},"region_attributes":{"class":"DownLeft"}}],"file_attributes":{}},"img_069.jpg27868":{"filename":"img_069.jpg","size":27868,"regions":[{"shape_attributes":{"name":"rect","x":38,"y":88,"width":62,"height":83},"region_attributes":{"class":"Right"}},{"shape_attributes":{"name":"rect","x":150,"y":98,"width":52,"height":79},"region_attributes":{"class":"Right"}},{"shape_attributes":{"name":"rect","x":226,"y":15,"width":43,"height":70},"region_attributes":{"class":"Front"}},{"shape_attributes":{"name":"rect","x":214,"y":132,"width":39,"height":64},"region_attributes":{"class":"Front"}},{"shape_attributes":{"name":"rect","x":322,"y":92,"width":49,"height":72},"region_attributes":{"class":"Front"}}],"file_attributes":{}},"img_070.jpg29638":{"filename":"img_070.jpg","size":29638,"regions":[{"shape_attributes":{"name":"rect","x":126,"y":16,"width":84,"height":164},"region_attributes":{"class":"Front"}},{"shape_attributes":{"name":"rect","x":225,"y":112,"width":73,"height":128},"region_attributes":{"class":"Left"}}],"file_attributes":{}},"img_071.jpg45967":{"filename":"img_071.jpg","size":45967,"regions":[{"shape_attributes":{"name":"rect","x":258,"y":68,"width":45,"height":72},"region_attributes":{"class":"Up"}},{"shape_attributes":{"name":"rect","x":131,"y":62,"width":25,"height":43},"region_attributes":{"class":"DownRight"}},{"shape_attributes":{"name":"rect","x":69,"y":36,"width":28,"height":44},"region_attributes":{"class":"Back"}}],"file_attributes":{}},"img_072.jpg21402":{"filename":"img_072.jpg","size":21402,"regions":[{"shape_attributes":{"name":"rect","x":106,"y":14,"width":77,"height":105},"region_attributes":{"class":"Front"}},{"shape_attributes":{"name":"rect","x":230,"y":23,"width":76,"height":113},"region_attributes":{"class":"Left"}}],"file_attributes":{}},"img_073.jpg24645":{"filename":"img_073.jpg","size":24645,"regions":[{"shape_attributes":{"name":"rect","x":90,"y":42,"width":62,"height":86},"region_attributes":{"class":"Right"}},{"shape_attributes":{"name":"rect","x":217,"y":20,"width":62,"height":83},"region_attributes":{"class":"Front"}}],"file_attributes":{}},"img_074.jpg24085":{"filename":"img_074.jpg","size":24085,"regions":[{"shape_attributes":{"name":"rect","x":88,"y":16,"width":74,"height":100},"region_attributes":{"class":"Front"}},{"shape_attributes":{"name":"rect","x":172,"y":41,"width":72,"height":100},"region_attributes":{"class":"Front"}},{"shape_attributes":{"name":"rect","x":257,"y":48,"width":74,"height":104},"region_attributes":{"class":"Front"}}],"file_attributes":{}},"img_075.jpg33439":{"filename":"img_075.jpg","size":33439,"regions":[{"shape_attributes":{"name":"rect","x":66,"y":82,"width":80,"height":145},"region_attributes":{"class":"Front"}},{"shape_attributes":{"name":"rect","x":181,"y":4,"width":90,"height":148},"region_attributes":{"class":"Front"}}],"file_attributes":{}},"img_076.jpg27794":{"filename":"img_076.jpg","size":27794,"regions":[{"shape_attributes":{"name":"rect","x":78,"y":44,"width":44,"height":87},"region_attributes":{"class":"Right"}},{"shape_attributes":{"name":"rect","x":122,"y":32,"width":48,"height":91},"region_attributes":{"class":"Front"}},{"shape_attributes":{"name":"rect","x":177,"y":9,"width":48,"height":103},"region_attributes":{"class":"Right"}},{"shape_attributes":{"name":"rect","x":256,"y":20,"width":50,"height":92},"region_attributes":{"class":"Front"}},{"shape_attributes":{"name":"rect","x":318,"y":0,"width":66,"height":82},"region_attributes":{"class":"Front"}}],"file_attributes":{}},"img_077.jpg19693":{"filename":"img_077.jpg","size":19693,"regions":[{"shape_attributes":{"name":"rect","x":134,"y":8,"width":71,"height":107},"region_attributes":{"class":"Front"}},{"shape_attributes":{"name":"rect","x":189,"y":78,"width":62,"height":82},"region_attributes":{"class":"Front"}}],"file_attributes":{}},"img_078.jpg16108":{"filename":"img_078.jpg","size":16108,"regions":[{"shape_attributes":{"name":"rect","x":50,"y":28,"width":128,"height":240},"region_attributes":{"class":"Front"}},{"shape_attributes":{"name":"rect","x":180,"y":16,"width":136,"height":248},"region_attributes":{"class":"Front"}}],"file_attributes":{}},"img_079.jpg37046":{"filename":"img_079.jpg","size":37046,"regions":[{"shape_attributes":{"name":"rect","x":89,"y":34,"width":57,"height":86},"region_attributes":{"class":"Right"}},{"shape_attributes":{"name":"rect","x":179,"y":33,"width":76,"height":102},"region_attributes":{"class":"Front"}}],"file_attributes":{}},"img_080.jpg25814":{"filename":"img_080.jpg","size":25814,"regions":[{"shape_attributes":{"name":"rect","x":101,"y":47,"width":163,"height":281},"region_attributes":{"class":"Right"}},{"shape_attributes":{"name":"rect","x":262,"y":1,"width":136,"height":212},"region_attributes":{"class":"Left"}}],"file_attributes":{}},"img_081.jpg25308":{"filename":"img_081.jpg","size":25308,"regions":[{"shape_attributes":{"name":"rect","x":98,"y":3,"width":60,"height":129},"region_attributes":{"class":"DownLeft"}},{"shape_attributes":{"name":"rect","x":168,"y":0,"width":94,"height":165},"region_attributes":{"class":"Left"}},{"shape_attributes":{"name":"rect","x":287,"y":1,"width":109,"height":211},"region_attributes":{"class":"DownLeft"}}],"file_attributes":{}},"img_082.jpg28147":{"filename":"img_082.jpg","size":28147,"regions":[{"shape_attributes":{"name":"rect","x":76,"y":62,"width":106,"height":146},"region_attributes":{"class":"Right"}},{"shape_attributes":{"name":"rect","x":2,"y":32,"width":64,"height":143},"region_attributes":{"class":"Front"}},{"shape_attributes":{"name":"rect","x":230,"y":156,"width":101,"height":125},"region_attributes":{"class":"Right"}}],"file_attributes":{}},"img_083.jpg29872":{"filename":"img_083.jpg","size":29872,"regions":[{"shape_attributes":{"name":"rect","x":90,"y":63,"width":43,"height":78},"region_attributes":{"class":"Front"}},{"shape_attributes":{"name":"rect","x":161,"y":37,"width":46,"height":80},"region_attributes":{"class":"Front"}},{"shape_attributes":{"name":"rect","x":234,"y":74,"width":37,"height":64},"region_attributes":{"class":"Front"}}],"file_attributes":{}},"img_084.jpg22862":{"filename":"img_084.jpg","size":22862,"regions":[{"shape_attributes":{"name":"rect","x":58,"y":64,"width":42,"height":82},"region_attributes":{"class":"Left"}},{"shape_attributes":{"name":"rect","x":122,"y":92,"width":40,"height":84},"region_attributes":{"class":"Front"}},{"shape_attributes":{"name":"rect","x":195,"y":85,"width":38,"height":76},"region_attributes":{"class":"Front"}},{"shape_attributes":{"name":"rect","x":256,"y":56,"width":39,"height":88},"region_attributes":{"class":"Right"}},{"shape_attributes":{"name":"rect","x":158,"y":0,"width":39,"height":98},"region_attributes":{"class":"Left"}},{"shape_attributes":{"name":"rect","x":290,"y":2,"width":54,"height":70},"region_attributes":{"class":"Left"}}],"file_attributes":{}},"img_085.jpg28866":{"filename":"img_085.jpg","size":28866,"regions":[{"shape_attributes":{"name":"rect","x":69,"y":24,"width":69,"height":140},"region_attributes":{"class":"Front"}},{"shape_attributes":{"name":"rect","x":153,"y":0,"width":54,"height":142},"region_attributes":{"class":"Front"}},{"shape_attributes":{"name":"rect","x":208,"y":49,"width":58,"height":143},"region_attributes":{"class":"Front"}},{"shape_attributes":{"name":"rect","x":270,"y":76,"width":72,"height":155},"region_attributes":{"class":"Front"}}],"file_attributes":{}},"img_086.jpg30524":{"filename":"img_086.jpg","size":30524,"regions":[{"shape_attributes":{"name":"rect","x":98,"y":146,"width":56,"height":71},"region_attributes":{"class":"Right"}},{"shape_attributes":{"name":"rect","x":12,"y":96,"width":35,"height":49},"region_attributes":{"class":"Front"}},{"shape_attributes":{"name":"rect","x":58,"y":96,"width":32,"height":48},"region_attributes":{"class":"Front"}},{"shape_attributes":{"name":"rect","x":138,"y":1,"width":58,"height":52},"region_attributes":{"class":"Front"}},{"shape_attributes":{"name":"rect","x":221,"y":6,"width":64,"height":82},"region_attributes":{"class":"Left"}},{"shape_attributes":{"name":"rect","x":354,"y":0,"width":44,"height":44},"region_attributes":{"class":"Left"}}],"file_attributes":{}},"img_087.jpg24622":{"filename":"img_087.jpg","size":24622,"regions":[{"shape_attributes":{"name":"rect","x":107,"y":69,"width":56,"height":111},"region_attributes":{"class":"Front"}},{"shape_attributes":{"name":"rect","x":202,"y":72,"width":58,"height":100},"region_attributes":{"class":"Front"}}],"file_attributes":{}},"img_088.jpg28415":{"filename":"img_088.jpg","size":28415,"regions":[{"shape_attributes":{"name":"rect","x":70,"y":31,"width":79,"height":108},"region_attributes":{"class":"Front"}},{"shape_attributes":{"name":"rect","x":247,"y":63,"width":80,"height":109},"region_attributes":{"class":"Front"}}],"file_attributes":{}},"img_089.jpg31420":{"filename":"img_089.jpg","size":31420,"regions":[{"shape_attributes":{"name":"rect","x":15,"y":24,"width":74,"height":168},"region_attributes":{"class":"Left"}},{"shape_attributes":{"name":"rect","x":95,"y":29,"width":83,"height":223},"region_attributes":{"class":"Left"}},{"shape_attributes":{"name":"rect","x":184,"y":112,"width":152,"height":162},"region_attributes":{"class":"UpLeft"}}],"file_attributes":{}},"img_090.jpg28296":{"filename":"img_090.jpg","size":28296,"regions":[{"shape_attributes":{"name":"rect","x":69,"y":4,"width":61,"height":107},"region_attributes":{"class":"Front"}},{"shape_attributes":{"name":"rect","x":246,"y":32,"width":59,"height":106},"region_attributes":{"class":"Front"}}],"file_attributes":{}},"img_091.jpg20072":{"filename":"img_091.jpg","size":20072,"regions":[{"shape_attributes":{"name":"rect","x":51,"y":86,"width":56,"height":54},"region_attributes":{"class":"UpRight"}},{"shape_attributes":{"name":"rect","x":123,"y":127,"width":39,"height":43},"region_attributes":{"class":"UpRight"}},{"shape_attributes":{"name":"rect","x":185,"y":124,"width":50,"height":61},"region_attributes":{"class":"Left"}},{"shape_attributes":{"name":"rect","x":240,"y":70,"width":48,"height":56},"region_attributes":{"class":"UpLeft"}}],"file_attributes":{}},"img_092.jpg27902":{"filename":"img_092.jpg","size":27902,"regions":[{"shape_attributes":{"name":"rect","x":85,"y":0,"width":60,"height":132},"region_attributes":{"class":"Right"}},{"shape_attributes":{"name":"rect","x":271,"y":49,"width":55,"height":124},"region_attributes":{"class":"Left"}}],"file_attributes":{}},"img_093.jpg24493":{"filename":"img_093.jpg","size":24493,"regions":[{"shape_attributes":{"name":"rect","x":122,"y":48,"width":82,"height":166},"region_attributes":{"class":"DownRight"}},{"shape_attributes":{"name":"rect","x":245,"y":82,"width":85,"height":146},"region_attributes":{"class":"DownLeft"}}],"file_attributes":{}},"img_094.jpg23479":{"filename":"img_094.jpg","size":23479,"regions":[{"shape_attributes":{"name":"rect","x":51,"y":62,"width":75,"height":131},"region_attributes":{"class":"Right"}},{"shape_attributes":{"name":"rect","x":184,"y":8,"width":90,"height":143},"region_attributes":{"class":"DownLeft"}}],"file_attributes":{}},"img_095.jpg27411":{"filename":"img_095.jpg","size":27411,"regions":[{"shape_attributes":{"name":"rect","x":43,"y":26,"width":81,"height":96},"region_attributes":{"class":"Left"}},{"shape_attributes":{"name":"rect","x":72,"y":215,"width":98,"height":109},"region_attributes":{"class":"Front"}},{"shape_attributes":{"name":"rect","x":229,"y":16,"width":89,"height":116},"region_attributes":{"class":"Front"}}],"file_attributes":{}},"img_096.jpg19310":{"filename":"img_096.jpg","size":19310,"regions":[{"shape_attributes":{"name":"rect","x":2,"y":121,"width":20,"height":32},"region_attributes":{"class":"Back"}},{"shape_attributes":{"name":"rect","x":44,"y":114,"width":23,"height":34},"region_attributes":{"class":"Back"}},{"shape_attributes":{"name":"rect","x":88,"y":128,"width":22,"height":36},"region_attributes":{"class":"Back"}},{"shape_attributes":{"name":"rect","x":128,"y":119,"width":25,"height":35},"region_attributes":{"class":"Front"}},{"shape_attributes":{"name":"rect","x":174,"y":132,"width":22,"height":30},"region_attributes":{"class":"Back"}},{"shape_attributes":{"name":"rect","x":214,"y":122,"width":26,"height":29},"region_attributes":{"class":"Back"}},{"shape_attributes":{"name":"rect","x":254,"y":128,"width":32,"height":48},"region_attributes":{"class":"Back"}},{"shape_attributes":{"name":"rect","x":296,"y":132,"width":23,"height":39},"region_attributes":{"class":"Back"}},{"shape_attributes":{"name":"rect","x":338,"y":124,"width":22,"height":34},"region_attributes":{"class":"Back"}},{"shape_attributes":{"name":"rect","x":378,"y":126,"width":20,"height":34},"region_attributes":{"class":"Back"}}],"file_attributes":{}},"img_097.jpg26390":{"filename":"img_097.jpg","size":26390,"regions":[{"shape_attributes":{"name":"rect","x":8,"y":26,"width":149,"height":144},"region_attributes":{"class":"Right"}},{"shape_attributes":{"name":"rect","x":157,"y":14,"width":213,"height":174},"region_attributes":{"class":"Left"}}],"file_attributes":{}},"img_098.jpg29847":{"filename":"img_098.jpg","size":29847,"regions":[{"shape_attributes":{"name":"rect","x":18,"y":116,"width":80,"height":109},"region_attributes":{"class":"Front"}},{"shape_attributes":{"name":"rect","x":289,"y":25,"width":104,"height":123},"region_attributes":{"class":"DownLeft"}}],"file_attributes":{}},"img_099.jpg19676":{"filename":"img_099.jpg","size":19676,"regions":[{"shape_attributes":{"name":"rect","x":25,"y":96,"width":107,"height":243},"region_attributes":{"class":"Front"}},{"shape_attributes":{"name":"rect","x":134,"y":11,"width":88,"height":198},"region_attributes":{"class":"Front"}},{"shape_attributes":{"name":"rect","x":228,"y":152,"width":146,"height":219},"region_attributes":{"class":"Left"}}],"file_attributes":{}}}